Composer,Piece,Instrumentation,Movement
Franz Schubert,Fantasia in F minor D.940 Op. 103,Piano 4 hands,1. Allegro molto moderato
Franz Schubert,Fantasia in F minor D.940 Op. 103,Piano 4 hands,2. Largo
Franz Schubert,Fantasia in F minor D.940 Op. 103,Piano 4 hands,3. Scherzo: Allegro vivace
Franz Schubert,Fantasia in F minor D.940 Op. 103,Piano 4 hands,4. Finale: Allegro vivace
Franz Schubert,Grand Duo Sonata in C major D.812 Op. 140,Piano 4 hands,1. Allegro moderato
Franz Schubert,Grand Duo Sonata in C major D.812 Op. 140,Piano 4 hands,2. Andante
Franz Schubert,Grand Duo Sonata in C major D.812 Op. 140,Piano 4 hands,3. Scherzo: Allegro vivace
Franz Schubert,Grand Duo Sonata in C major D.812 Op. 140,Piano 4 hands,4. Finale: Allegro vivace
Franz Schubert,Divertissement à la hongroise D.818 Op. 54,Piano 4 hands,1. Andante
Franz Schubert,Divertissement à la hongroise D.818 Op. 54,Piano 4 hands,2. Marcia: Andante con moto
Franz Schubert,Divertissement à la hongroise D.818 Op. 54,Piano 4 hands,3. Rondo all'ongarese: Allegretto
Franz Schubert,Rondo in A major D.951 Op. 107,Piano 4 hands,-
Franz Schubert,6 Grandes Marches D.819 Op. 40,Piano 4 hands,No. 1
Franz Schubert,6 Grandes Marches D.819 Op. 40,Piano 4 hands,No. 2
Franz Schubert,6 Grandes Marches D.819 Op. 40,Piano 4 hands,No. 3
Franz Schubert,6 Grandes Marches D.819 Op. 40,Piano 4 hands,No. 4
Franz Schubert,6 Grandes Marches D.819 Op. 40,Piano 4 hands,No. 5
Franz Schubert,6 Grandes Marches D.819 Op. 40,Piano 4 hands,No. 6
Franz Schubert,3 Marches militaires D.733 Op. 51,Piano 4 hands,No. 1 in D major
Franz Schubert,3 Marches militaires D.733 Op. 51,Piano 4 hands,No. 2 in G major
Franz Schubert,3 Marches militaires D.733 Op. 51,Piano 4 hands,No. 3 in E♭ major
Franz Schubert,Variations on an Original Theme in A♭ major D.813 Op. 35,Piano 4 hands,-
Franz Schubert,Lebensstürme D.947 Op. 144,Piano 4 hands,-
Franz Schubert,Polonaises D.824 Op. 61,Piano 4 hands,No. 1
Franz Schubert,Polonaises D.824 Op. 61,Piano 4 hands,No. 2
Franz Schubert,Polonaises D.824 Op. 61,Piano 4 hands,No. 3
Franz Schubert,Polonaises D.824 Op. 61,Piano 4 hands,No. 4
Franz Schubert,Polonaises D.824 Op. 61,Piano 4 hands,No. 5
Franz Schubert,Polonaises D.824 Op. 61,Piano 4 hands,No. 6
Robert Schumann,Bilder aus Osten Op. 66,Piano 4 hands,No. 1
Robert Schumann,Bilder aus Osten Op. 66,Piano 4 hands,No. 2
Robert Schumann,Bilder aus Osten Op. 66,Piano 4 hands,No. 3
Robert Schumann,Bilder aus Osten Op. 66,Piano 4 hands,No. 4
Robert Schumann,Bilder aus Osten Op. 66,Piano 4 hands,No. 5
Robert Schumann,Bilder aus Osten Op. 66,Piano 4 hands,No. 6
Robert Schumann,12 Pieces for Large and Small Children Op. 85,Piano 4 hands,No. 1 Birthday March
Robert Schumann,12 Pieces for Large and Small Children Op. 85,Piano 4 hands,No. 2 Bear Dance
Robert Schumann,12 Pieces for Large and Small Children Op. 85,Piano 4 hands,No. 3 Garden Melody
Robert Schumann,12 Pieces for Large and Small Children Op. 85,Piano 4 hands,No. 4 Crowning of the Harvest
Robert Schumann,12 Pieces for Large and Small Children Op. 85,Piano 4 hands,No. 5 March of the Tin Soldiers
Robert Schumann,12 Pieces for Large and Small Children Op. 85,Piano 4 hands,No. 6 Evening Song
Robert Schumann,12 Pieces for Large and Small Children Op. 85,Piano 4 hands,No. 7 Tournament of Knights
Robert Schumann,12 Pieces for Large and Small Children Op. 85,Piano 4 hands,No. 8 Moorish Air
Robert Schumann,12 Pieces for Large and Small Children Op. 85,Piano 4 hands,No. 9 Round Dance
Robert Schumann,12 Pieces for Large and Small Children Op. 85,Piano 4 hands,No. 10 Fairy-tale Play
Robert Schumann,12 Pieces for Large and Small Children Op. 85,Piano 4 hands,No. 11 Ghost Story
Robert Schumann,12 Pieces for Large and Small Children Op. 85,Piano 4 hands,No. 12 Evening Song
Robert Schumann,Andante and Variations Op. 46,Two pianos,-
Johannes Brahms,Variations on a Theme by Haydn Op. 56b,Two pianos,-
Johannes Brahms,Sonata in F minor Op. 34b,Two pianos,1. Allegro non troppo
Johannes Brahms,Sonata in F minor Op. 34b,Two pianos,"2. Andante, un poco adagio"
Johannes Brahms,Sonata in F minor Op. 34b,Two pianos,3. Scherzo: Allegro
Johannes Brahms,Sonata in F minor Op. 34b,Two pianos,4. Finale: Poco sostenuto – Allegro non troppo
Johannes Brahms,Waltzes Op. 39,Piano 4 hands,No. 1 in B major
Johannes Brahms,Waltzes Op. 39,Piano 4 hands,No. 2 in E major
Johannes Brahms,Waltzes Op. 39,Piano 4 hands,No. 3 in G♯ minor
Johannes Brahms,Waltzes Op. 39,Piano 4 hands,No. 4 in E minor
Johannes Brahms,Waltzes Op. 39,Piano 4 hands,No. 5 in E major
Johannes Brahms,Waltzes Op. 39,Piano 4 hands,No. 6 in C♯ major
Johannes Brahms,Waltzes Op. 39,Piano 4 hands,No. 7 in C♯ minor
Johannes Brahms,Waltzes Op. 39,Piano 4 hands,No. 8 in B♭ major
Johannes Brahms,Waltzes Op. 39,Piano 4 hands,No. 9 in D minor
Johannes Brahms,Waltzes Op. 39,Piano 4 hands,No. 10 in G major
Johannes Brahms,Waltzes Op. 39,Piano 4 hands,No. 11 in B minor
Johannes Brahms,Waltzes Op. 39,Piano 4 hands,No. 12 in E major
Johannes Brahms,Waltzes Op. 39,Piano 4 hands,No. 13 in C major
Johannes Brahms,Waltzes Op. 39,Piano 4 hands,No. 14 in G♯ minor
Johannes Brahms,Waltzes Op. 39,Piano 4 hands,No. 15 in A♭ major
Johannes Brahms,Waltzes Op. 39,Piano 4 hands,No. 16 in C♯ minor
Johannes Brahms,Hungarian Dances WoO 1,Piano 4 hands,No. 1 in G minor
Johannes Brahms,Hungarian Dances WoO 1,Piano 4 hands,No. 2 in D minor
Johannes Brahms,Hungarian Dances WoO 1,Piano 4 hands,No. 3 in F major
Johannes Brahms,Hungarian Dances WoO 1,Piano 4 hands,No. 4 in F♯ minor
Johannes Brahms,Hungarian Dances WoO 1,Piano 4 hands,No. 5 in F♯ minor
Johannes Brahms,Hungarian Dances WoO 1,Piano 4 hands,No. 6 in D♭ major
Johannes Brahms,Hungarian Dances WoO 1,Piano 4 hands,No. 7 in A major
Johannes Brahms,Hungarian Dances WoO 1,Piano 4 hands,No. 8 in A minor
Johannes Brahms,Hungarian Dances WoO 1,Piano 4 hands,No. 9 in E minor
Johannes Brahms,Hungarian Dances WoO 1,Piano 4 hands,No. 10 in E major
Johannes Brahms,Hungarian Dances WoO 1,Piano 4 hands,No. 11 in D minor
Johannes Brahms,Hungarian Dances WoO 1,Piano 4 hands,No. 12 in D minor
Johannes Brahms,Hungarian Dances WoO 1,Piano 4 hands,No. 13 in D major
Johannes Brahms,Hungarian Dances WoO 1,Piano 4 hands,No. 14 in D minor
Johannes Brahms,Hungarian Dances WoO 1,Piano 4 hands,No. 15 in B♭ major
Johannes Brahms,Hungarian Dances WoO 1,Piano 4 hands,No. 16 in F minor
Johannes Brahms,Hungarian Dances WoO 1,Piano 4 hands,No. 17 in F♯ minor
Johannes Brahms,Hungarian Dances WoO 1,Piano 4 hands,No. 18 in D major
Johannes Brahms,Hungarian Dances WoO 1,Piano 4 hands,No. 19 in B minor
Johannes Brahms,Hungarian Dances WoO 1,Piano 4 hands,No. 20 in E minor
Johannes Brahms,Hungarian Dances WoO 1,Piano 4 hands,No. 21 in E minor
Wolfgang Amadeus Mozart,Sonata in D major K.381,Piano 4 hands,1. Allegro
Wolfgang Amadeus Mozart,Sonata in D major K.381,Piano 4 hands,2. Andante
Wolfgang Amadeus Mozart,Sonata in D major K.381,Piano 4 hands,3. Allegro molto
Wolfgang Amadeus Mozart,Sonata in B♭ major K.358,Piano 4 hands,1. Allegro
Wolfgang Amadeus Mozart,Sonata in B♭ major K.358,Piano 4 hands,2. Adagio
Wolfgang Amadeus Mozart,Sonata in B♭ major K.358,Piano 4 hands,3. Molto presto
Wolfgang Amadeus Mozart,Sonata in F major K.497,Piano 4 hands,1. Adagio – Allegro di molto
Wolfgang Amadeus Mozart,Sonata in F major K.497,Piano 4 hands,2. Andante
Wolfgang Amadeus Mozart,Sonata in F major K.497,Piano 4 hands,3. Allegro
Wolfgang Amadeus Mozart,Sonata in C major K.521,Piano 4 hands,1. Allegro
Wolfgang Amadeus Mozart,Sonata in C major K.521,Piano 4 hands,2. Andante
Wolfgang Amadeus Mozart,Sonata in C major K.521,Piano 4 hands,3. Allegretto
Wolfgang Amadeus Mozart,Andante and Variations in G major K.501,Piano 4 hands,-
Wolfgang Amadeus Mozart,Fugue in C minor K.426,Two pianos,-
Wolfgang Amadeus Mozart,Sonata in D major K.448,Two pianos,1. Allegro con spirito
Wolfgang Amadeus Mozart,Sonata in D major K.448,Two pianos,2. Andante
Wolfgang Amadeus Mozart,Sonata in D major K.448,Two pianos,3. Molto allegro
Antonín Dvořák,Slavonic Dances Op. 46 B.78,Piano 4 hands,No. 1 in C major
Antonín Dvořák,Slavonic Dances Op. 46 B.78,Piano 4 hands,No. 2 in E minor
Antonín Dvořák,Slavonic Dances Op. 46 B.78,Piano 4 hands,No. 3 in A♭ major
Antonín Dvořák,Slavonic Dances Op. 46 B.78,Piano 4 hands,No. 4 in F major
Antonín Dvořák,Slavonic Dances Op. 46 B.78,Piano 4 hands,No. 5 in A major
Antonín Dvořák,Slavonic Dances Op. 46 B.78,Piano 4 hands,No. 6 in D major
Antonín Dvořák,Slavonic Dances Op. 46 B.78,Piano 4 hands,No. 7 in C minor
Antonín Dvořák,Slavonic Dances Op. 46 B.78,Piano 4 hands,No. 8 in G minor
Antonín Dvořák,Slavonic Dances Op. 72 B.145,Piano 4 hands,No. 1 in B major
Antonín Dvořák,Slavonic Dances Op. 72 B.145,Piano 4 hands,No. 2 in E minor
Antonín Dvořák,Slavonic Dances Op. 72 B.145,Piano 4 hands,No. 3 in F major
Antonín Dvořák,Slavonic Dances Op. 72 B.145,Piano 4 hands,No. 4 in D♭ major
Antonín Dvořák,Slavonic Dances Op. 72 B.145,Piano 4 hands,No. 5 in B♭ minor
Antonín Dvořák,Slavonic Dances Op. 72 B.145,Piano 4 hands,No. 6 in B♭ major
Antonín Dvořák,Slavonic Dances Op. 72 B.145,Piano 4 hands,No. 7 in C major
Antonín Dvořák,Slavonic Dances Op. 72 B.145,Piano 4 hands,No. 8 in A♭ major
Edvard Grieg,Norwegian Dances Op. 35,Piano 4 hands,No. 1 in D minor
Edvard Grieg,Norwegian Dances Op. 35,Piano 4 hands,No. 2 in A major
Edvard Grieg,Norwegian Dances Op. 35,Piano 4 hands,No. 3 in B minor
Edvard Grieg,Norwegian Dances Op. 35,Piano 4 hands,No. 4 in D major
Edvard Grieg,Waltz-Caprices Op. 37,Piano 4 hands,No. 1 in C major
Edvard Grieg,Waltz-Caprices Op. 37,Piano 4 hands,No. 2 in E minor
Claude Debussy,Petite Suite,Piano 4 hands,1. En bateau
Claude Debussy,Petite Suite,Piano 4 hands,2. Cortège
Claude Debussy,Petite Suite,Piano 4 hands,3. Menuet
Claude Debussy,Petite Suite,Piano 4 hands,4. Ballet
Claude Debussy,6 Épigraphes antiques,Piano 4 hands,No. 1 Pour invoquer Pan
Claude Debussy,6 Épigraphes antiques,Piano 4 hands,No. 2 Pour un tombeau sans nom
Claude Debussy,6 Épigraphes antiques,Piano 4 hands,No. 3 Pour que la nuit soit propice
Claude Debussy,6 Épigraphes antiques,Piano 4 hands,No. 4 Pour la danseuse aux crotales
Claude Debussy,6 Épigraphes antiques,Piano 4 hands,No. 5 Pour l'Égyptienne
Claude Debussy,6 Épigraphes antiques,Piano 4 hands,No. 6 Pour remercier la pluie au matin
Maurice Ravel,Ma Mère l'Oye,Piano 4 hands,1. Pavane de la Belle au bois dormant
Maurice Ravel,Ma Mère l'Oye,Piano 4 hands,2. Petit Poucet
Maurice Ravel,Ma Mère l'Oye,Piano 4 hands,"3. Laideronnette, Impératrice des Pagodes"
Maurice Ravel,Ma Mère l'Oye,Piano 4 hands,4. Les Entretiens de la Belle et de la Bête
Maurice Ravel,Ma Mère l'Oye,Piano 4 hands,5. Le Jardin féerique
Sergei Rachmaninoff,Suite No. 1 Op. 5 'Fantaisie-tableaux',Two pianos,1. Barcarolle
Sergei Rachmaninoff,Suite No. 1 Op. 5 'Fantaisie-tableaux',Two pianos,2. La Nuit... L'Amour
Sergei Rachmaninoff,Suite No. 1 Op. 5 'Fantaisie-tableaux',Two pianos,3. Les Larmes
Sergei Rachmaninoff,Suite No. 1 Op. 5 'Fantaisie-tableaux',Two pianos,4. Pâques
Sergei Rachmaninoff,Suite No. 2 Op. 17,Two pianos,1. Introduction
Sergei Rachmaninoff,Suite No. 2 Op. 17,Two pianos,2. Valse
Sergei Rachmaninoff,Suite No. 2 Op. 17,Two pianos,3. Romance
Sergei Rachmaninoff,Suite No. 2 Op. 17,Two pianos,4. Tarantelle
Sergei Rachmaninoff,Russian Rhapsody (arr. two pianos),Two pianos,-
Francis Poulenc,Sonata for Two Pianos FP 156,Two pianos,1. Prologue: Extrêmement lent et calme
Francis Poulenc,Sonata for Two Pianos FP 156,Two pianos,2. Allegro molto
Francis Poulenc,Sonata for Two Pianos FP 156,Two pianos,3. Andante lyrique
Francis Poulenc,Sonata for Two Pianos FP 156,Two pianos,4. Epilogue: Presto giocoso
Francis Poulenc,Sonata for Piano Four Hands FP 8,Piano 4 hands,1. Prélude
Francis Poulenc,Sonata for Piano Four Hands FP 8,Piano 4 hands,2. Rustique
Francis Poulenc,Sonata for Piano Four Hands FP 8,Piano 4 hands,3. Final
Francis Poulenc,L'Embarquement pour Cythère FP 150,Two pianos,-
Igor Stravinsky,Concerto for Two Solo Pianos,Two pianos,1. Con moto
Igor Stravinsky,Concerto for Two Solo Pianos,Two pianos,2. Notturno: Adagietto
Igor Stravinsky,Concerto for Two Solo Pianos,Two pianos,3. Quattro Variazioni
Igor Stravinsky,Concerto for Two Solo Pianos,Two pianos,4. Prelude e Fuga
Igor Stravinsky,Sonata for Two Pianos,Two pianos,1. Moderato
Igor Stravinsky,Sonata for Two Pianos,Two pianos,2. Theme and Variations
Igor Stravinsky,Sonata for Two Pianos,Two pianos,3. Largo
Béla Bartók,Sonata for Two Pianos and Percussion,Two pianos + percussion,1. Assai lento – Allegro molto
Béla Bartók,Sonata for Two Pianos and Percussion,Two pianos + percussion,"2. Lento, ma non troppo"
Béla Bartók,Sonata for Two Pianos and Percussion,Two pianos + percussion,3. Allegro non troppo
Béla Bartók,Suite Op. 4b (arr. two pianos),Two pianos,1. Serenata
Béla Bartók,Suite Op. 4b (arr. two pianos),Two pianos,2. Scherzo
Béla Bartók,Suite Op. 4b (arr. two pianos),Two pianos,3. Intermezzo
Béla Bartók,Suite Op. 4b (arr. two pianos),Two pianos,4. Scena della pusta
Béla Bartók,Suite Op. 4b (arr. two pianos),Two pianos,5. Finale
Frédéric Chopin,Rondo in C major Op. 73,Two pianos,-
Frédéric Chopin,Introduction and Polonaise brillante Op. 3,Cello and piano,-
Frédéric Chopin,Piano Trio in G minor Op. 8,Piano trio,1. Allegro con fuoco
Frédéric Chopin,Piano Trio in G minor Op. 8,Piano trio,2. Scherzo: Con moto
Frédéric Chopin,Piano Trio in G minor Op. 8,Piano trio,3. Adagio sostenuto
Frédéric Chopin,Piano Trio in G minor Op. 8,Piano trio,4. Finale: Allegretto
Frédéric Chopin,Cello Sonata in G minor Op. 65,Cello and piano,1. Allegro moderato
Frédéric Chopin,Cello Sonata in G minor Op. 65,Cello and piano,2. Scherzo: Allegro con brio
Frédéric Chopin,Cello Sonata in G minor Op. 65,Cello and piano,3. Largo
Frédéric Chopin,Cello Sonata in G minor Op. 65,Cello and piano,4. Finale: Allegro
Ludwig van Beethoven,Piano Trio No. 1 in E♭ major Op. 1 No. 1,Piano trio,1. Allegro
Ludwig van Beethoven,Piano Trio No. 1 in E♭ major Op. 1 No. 1,Piano trio,2. Adagio cantabile
Ludwig van Beethoven,Piano Trio No. 1 in E♭ major Op. 1 No. 1,Piano trio,3. Scherzo: Allegro assai
Ludwig van Beethoven,Piano Trio No. 1 in E♭ major Op. 1 No. 1,Piano trio,4. Finale: Presto
Ludwig van Beethoven,Piano Trio No. 2 in G major Op. 1 No. 2,Piano trio,1. Adagio – Allegro vivace
Ludwig van Beethoven,Piano Trio No. 2 in G major Op. 1 No. 2,Piano trio,2. Largo con espressione
Ludwig van Beethoven,Piano Trio No. 2 in G major Op. 1 No. 2,Piano trio,3. Scherzo: Allegro
Ludwig van Beethoven,Piano Trio No. 2 in G major Op. 1 No. 2,Piano trio,4. Finale: Presto
Ludwig van Beethoven,Piano Trio No. 3 in C minor Op. 1 No. 3,Piano trio,1. Allegro con brio
Ludwig van Beethoven,Piano Trio No. 3 in C minor Op. 1 No. 3,Piano trio,2. Andante cantabile con variazioni
Ludwig van Beethoven,Piano Trio No. 3 in C minor Op. 1 No. 3,Piano trio,3. Menuetto: Quasi allegro
Ludwig van Beethoven,Piano Trio No. 3 in C minor Op. 1 No. 3,Piano trio,4. Finale: Prestissimo
Ludwig van Beethoven,Piano Trio No. 4 in B♭ major Op. 11 'Gassenhauer',Piano trio,1. Allegro con brio
Ludwig van Beethoven,Piano Trio No. 4 in B♭ major Op. 11 'Gassenhauer',Piano trio,2. Adagio
Ludwig van Beethoven,Piano Trio No. 4 in B♭ major Op. 11 'Gassenhauer',Piano trio,3. Tema con variazioni
Ludwig van Beethoven,Piano Trio No. 5 in D major Op. 70 No. 1 'Ghost',Piano trio,1. Allegro vivace e con brio
Ludwig van Beethoven,Piano Trio No. 5 in D major Op. 70 No. 1 'Ghost',Piano trio,2. Largo assai ed espressivo
Ludwig van Beethoven,Piano Trio No. 5 in D major Op. 70 No. 1 'Ghost',Piano trio,3. Presto
Ludwig van Beethoven,Piano Trio No. 6 in E♭ major Op. 70 No. 2,Piano trio,1. Poco sostenuto – Allegro ma non troppo
Ludwig van Beethoven,Piano Trio No. 6 in E♭ major Op. 70 No. 2,Piano trio,2. Allegretto
Ludwig van Beethoven,Piano Trio No. 6 in E♭ major Op. 70 No. 2,Piano trio,3. Allegretto ma tuttavia con brio
Ludwig van Beethoven,Piano Trio No. 6 in E♭ major Op. 70 No. 2,Piano trio,4. Finale: Allegro
Ludwig van Beethoven,Piano Trio No. 7 in B♭ major Op. 97 'Archduke',Piano trio,1. Allegro moderato
Ludwig van Beethoven,Piano Trio No. 7 in B♭ major Op. 97 'Archduke',Piano trio,2. Scherzo: Allegro
Ludwig van Beethoven,Piano Trio No. 7 in B♭ major Op. 97 'Archduke',Piano trio,"3. Andante cantabile, con variazioni"
Ludwig van Beethoven,Piano Trio No. 7 in B♭ major Op. 97 'Archduke',Piano trio,4. Allegro moderato
Franz Schubert,Piano Trio No. 1 in B♭ major D.898 Op. 99,Piano trio,1. Allegro moderato
Franz Schubert,Piano Trio No. 1 in B♭ major D.898 Op. 99,Piano trio,2. Andante un poco mosso
Franz Schubert,Piano Trio No. 1 in B♭ major D.898 Op. 99,Piano trio,3. Scherzo: Allegro
Franz Schubert,Piano Trio No. 1 in B♭ major D.898 Op. 99,Piano trio,4. Rondo: Allegro vivace
Franz Schubert,Piano Trio No. 2 in E♭ major D.929 Op. 100,Piano trio,1. Allegro
Franz Schubert,Piano Trio No. 2 in E♭ major D.929 Op. 100,Piano trio,2. Andante con moto
Franz Schubert,Piano Trio No. 2 in E♭ major D.929 Op. 100,Piano trio,3. Scherzando: Allegro moderato
Franz Schubert,Piano Trio No. 2 in E♭ major D.929 Op. 100,Piano trio,4. Allegro moderato
Franz Schubert,Notturno in E♭ major D.897 Op. 148,Piano trio,-
Franz Schubert,Sonatensatz in B♭ major D.28,Piano trio,-
Robert Schumann,Piano Trio No. 1 in D minor Op. 63,Piano trio,1. Mit Energie und Leidenschaft
Robert Schumann,Piano Trio No. 1 in D minor Op. 63,Piano trio,"2. Lebhaft, doch nicht zu rasch"
Robert Schumann,Piano Trio No. 1 in D minor Op. 63,Piano trio,"3. Langsam, mit inniger Empfindung"
Robert Schumann,Piano Trio No. 1 in D minor Op. 63,Piano trio,4. Mit Feuer
Robert Schumann,Piano Trio No. 2 in F major Op. 80,Piano trio,1. Sehr lebhaft
Robert Schumann,Piano Trio No. 2 in F major Op. 80,Piano trio,2. Mit innigem Ausdruck
Robert Schumann,Piano Trio No. 2 in F major Op. 80,Piano trio,3. In mäßiger Bewegung
Robert Schumann,Piano Trio No. 2 in F major Op. 80,Piano trio,4. Nicht zu rasch
Robert Schumann,Piano Trio No. 3 in G minor Op. 110,Piano trio,"1. Bewegt, doch nicht zu rasch"
Robert Schumann,Piano Trio No. 3 in G minor Op. 110,Piano trio,2. Ziemlich langsam
Robert Schumann,Piano Trio No. 3 in G minor Op. 110,Piano trio,3. Rasch
Robert Schumann,Piano Trio No. 3 in G minor Op. 110,Piano trio,"4. Kräftig, mit Humor"
Robert Schumann,Fantasiestücke Op. 88,Piano trio,1. Romanze: Nicht schnell
Robert Schumann,Fantasiestücke Op. 88,Piano trio,2. Humoreske: Lebhaft
Robert Schumann,Fantasiestücke Op. 88,Piano trio,"3. Duett: Langsam, mit zartem Ausdruck"
Robert Schumann,Fantasiestücke Op. 88,Piano trio,4. Finale: Im Marschmäßigen Tempo
Johannes Brahms,Piano Trio No. 1 in B major Op. 8,Piano trio,1. Allegro con brio
Johannes Brahms,Piano Trio No. 1 in B major Op. 8,Piano trio,2. Scherzo: Allegro molto
Johannes Brahms,Piano Trio No. 1 in B major Op. 8,Piano trio,3. Adagio
Johannes Brahms,Piano Trio No. 1 in B major Op. 8,Piano trio,4. Finale: Allegro
Johannes Brahms,Piano Trio No. 2 in C major Op. 87,Piano trio,1. Allegro
Johannes Brahms,Piano Trio No. 2 in C major Op. 87,Piano trio,2. Andante con moto
Johannes Brahms,Piano Trio No. 2 in C major Op. 87,Piano trio,3. Scherzo: Presto
Johannes Brahms,Piano Trio No. 2 in C major Op. 87,Piano trio,4. Finale: Allegro giocoso
Johannes Brahms,Piano Trio No. 3 in C minor Op. 101,Piano trio,1. Allegro energico
Johannes Brahms,Piano Trio No. 3 in C minor Op. 101,Piano trio,2. Presto non assai
Johannes Brahms,Piano Trio No. 3 in C minor Op. 101,Piano trio,3. Andante grazioso
Johannes Brahms,Piano Trio No. 3 in C minor Op. 101,Piano trio,4. Allegro molto
Johannes Brahms,Piano Trio in A major Op. posth.,Piano trio,1. Andante – Allegro molto
Johannes Brahms,Piano Trio in A major Op. posth.,Piano trio,2. Scherzo: Presto
Johannes Brahms,Piano Trio in A major Op. posth.,Piano trio,3. Adagio non troppo
Johannes Brahms,Piano Trio in A major Op. posth.,Piano trio,4. Finale: Allegro
Johannes Brahms,Horn Trio in E♭ major Op. 40,"Horn, violin and piano",1. Andante
Johannes Brahms,Horn Trio in E♭ major Op. 40,"Horn, violin and piano",2. Scherzo: Allegro
Johannes Brahms,Horn Trio in E♭ major Op. 40,"Horn, violin and piano",3. Adagio mesto
Johannes Brahms,Horn Trio in E♭ major Op. 40,"Horn, violin and piano",4. Finale: Allegro con brio
Johannes Brahms,Clarinet Trio in A minor Op. 114,"Clarinet, cello and piano",1. Allegro
Johannes Brahms,Clarinet Trio in A minor Op. 114,"Clarinet, cello and piano",2. Adagio
Johannes Brahms,Clarinet Trio in A minor Op. 114,"Clarinet, cello and piano",3. Andantino grazioso
Johannes Brahms,Clarinet Trio in A minor Op. 114,"Clarinet, cello and piano",4. Allegro
Felix Mendelssohn,Piano Trio No. 1 in D minor Op. 49,Piano trio,1. Molto allegro agitato
Felix Mendelssohn,Piano Trio No. 1 in D minor Op. 49,Piano trio,2. Andante con moto tranquillo
Felix Mendelssohn,Piano Trio No. 1 in D minor Op. 49,Piano trio,3. Scherzo: Leggiero e vivace
Felix Mendelssohn,Piano Trio No. 1 in D minor Op. 49,Piano trio,4. Finale: Allegro assai appassionato
Felix Mendelssohn,Piano Trio No. 2 in C minor Op. 66,Piano trio,1. Allegro energico e fuoco
Felix Mendelssohn,Piano Trio No. 2 in C minor Op. 66,Piano trio,2. Andante espressivo
Felix Mendelssohn,Piano Trio No. 2 in C minor Op. 66,Piano trio,3. Scherzo: Molto allegro quasi presto
Felix Mendelssohn,Piano Trio No. 2 in C minor Op. 66,Piano trio,4. Finale: Allegro appassionato
Pyotr Ilyich Tchaikovsky,Piano Trio in A minor Op. 50 'À la mémoire d'un grand artiste',Piano trio,1. Pezzo elegiaco: Moderato assai – Allegro giusto
Pyotr Ilyich Tchaikovsky,Piano Trio in A minor Op. 50 'À la mémoire d'un grand artiste',Piano trio,2. Tema con variazioni: Andante con moto
Antonín Dvořák,Piano Trio No. 1 in B♭ major Op. 21 B.51,Piano trio,1. Allegro molto
Antonín Dvořák,Piano Trio No. 1 in B♭ major Op. 21 B.51,Piano trio,2. Adagio molto e mesto
Antonín Dvořák,Piano Trio No. 1 in B♭ major Op. 21 B.51,Piano trio,3. Allegretto scherzando
Antonín Dvořák,Piano Trio No. 1 in B♭ major Op. 21 B.51,Piano trio,4. Finale: Allegro vivace
Antonín Dvořák,Piano Trio No. 2 in G minor Op. 26 B.56,Piano trio,1. Allegro moderato
Antonín Dvořák,Piano Trio No. 2 in G minor Op. 26 B.56,Piano trio,2. Largo
Antonín Dvořák,Piano Trio No. 2 in G minor Op. 26 B.56,Piano trio,3. Scherzo: Presto
Antonín Dvořák,Piano Trio No. 2 in G minor Op. 26 B.56,Piano trio,4. Finale: Allegro non tanto
Antonín Dvořák,Piano Trio No. 3 in F minor Op. 65 B.130,Piano trio,1. Allegro ma non troppo
Antonín Dvořák,Piano Trio No. 3 in F minor Op. 65 B.130,Piano trio,2. Allegretto grazioso
Antonín Dvořák,Piano Trio No. 3 in F minor Op. 65 B.130,Piano trio,3. Poco adagio
Antonín Dvořák,Piano Trio No. 3 in F minor Op. 65 B.130,Piano trio,4. Finale: Allegro con brio
Antonín Dvořák,Piano Trio No. 4 in E minor Op. 90 B.166 'Dumky',Piano trio,1. Lento maestoso – Allegro quasi doppio movimento
Antonín Dvořák,Piano Trio No. 4 in E minor Op. 90 B.166 'Dumky',Piano trio,2. Poco adagio – Vivace non troppo
Antonín Dvořák,Piano Trio No. 4 in E minor Op. 90 B.166 'Dumky',Piano trio,3. Andante – Vivace non troppo
Antonín Dvořák,Piano Trio No. 4 in E minor Op. 90 B.166 'Dumky',Piano trio,4. Andante moderato – Allegretto scherzando
Antonín Dvořák,Piano Trio No. 4 in E minor Op. 90 B.166 'Dumky',Piano trio,5. Allegro – Poco adagio
Antonín Dvořák,Piano Trio No. 4 in E minor Op. 90 B.166 'Dumky',Piano trio,6. Lento maestoso – Vivace
Maurice Ravel,Piano Trio in A minor,Piano trio,1. Modéré
Maurice Ravel,Piano Trio in A minor,Piano trio,2. Pantoum: Assez vif
Maurice Ravel,Piano Trio in A minor,Piano trio,3. Passacaille: Très large
Maurice Ravel,Piano Trio in A minor,Piano trio,4. Finale: Animé
Sergei Rachmaninoff,Trio élégiaque No. 1 in G minor,Piano trio,-
Sergei Rachmaninoff,Trio élégiaque No. 2 in D minor Op. 9,Piano trio,1. Moderato – Adagio
Sergei Rachmaninoff,Trio élégiaque No. 2 in D minor Op. 9,Piano trio,2. Quasi variazione
Sergei Rachmaninoff,Trio élégiaque No. 2 in D minor Op. 9,Piano trio,3. Allegro risoluto
Dmitri Shostakovich,Piano Trio No. 1 in C minor Op. 8,Piano trio,-
Dmitri Shostakovich,Piano Trio No. 2 in E minor Op. 67,Piano trio,1. Andante – Moderato
Dmitri Shostakovich,Piano Trio No. 2 in E minor Op. 67,Piano trio,2. Allegro con brio
Dmitri Shostakovich,Piano Trio No. 2 in E minor Op. 67,Piano trio,3. Largo
Dmitri Shostakovich,Piano Trio No. 2 in E minor Op. 67,Piano trio,4. Allegretto
Gabriel Fauré,Piano Trio in D minor Op. 120,Piano trio,1. Allegro ma non troppo
Gabriel Fauré,Piano Trio in D minor Op. 120,Piano trio,2. Andantino
Gabriel Fauré,Piano Trio in D minor Op. 120,Piano trio,3. Allegro vivo
Camille Saint-Saëns,Piano Trio No. 1 in F major Op. 18,Piano trio,1. Allegro vivace
Camille Saint-Saëns,Piano Trio No. 1 in F major Op. 18,Piano trio,2. Andante
Camille Saint-Saëns,Piano Trio No. 1 in F major Op. 18,Piano trio,3. Scherzo: Presto
Camille Saint-Saëns,Piano Trio No. 1 in F major Op. 18,Piano trio,4. Finale: Allegro
Camille Saint-Saëns,Piano Trio No. 2 in E minor Op. 92,Piano trio,1. Allegro non troppo
Camille Saint-Saëns,Piano Trio No. 2 in E minor Op. 92,Piano trio,2. Andante con moto
Camille Saint-Saëns,Piano Trio No. 2 in E minor Op. 92,Piano trio,3. Gavotte: Allegretto moderato
Camille Saint-Saëns,Piano Trio No. 2 in E minor Op. 92,Piano trio,4. Finale: Allegro
Bedřich Smetana,Piano Trio in G minor Op. 15,Piano trio,1. Moderato assai
Bedřich Smetana,Piano Trio in G minor Op. 15,Piano trio,2. Allegro ma non agitato
Bedřich Smetana,Piano Trio in G minor Op. 15,Piano trio,3. Finale: Presto
Dmitri Kabalevsky,Piano Trio in D major Op. 14,Piano trio,1. Allegro
Dmitri Kabalevsky,Piano Trio in D major Op. 14,Piano trio,2. Andante
Dmitri Kabalevsky,Piano Trio in D major Op. 14,Piano trio,3. Rondo: Allegro giocoso
Bohuslav Martinů,Piano Trio No. 1 in D minor H.193,Piano trio,1. Moderato poco andante
Bohuslav Martinů,Piano Trio No. 1 in D minor H.193,Piano trio,2. Poco moderato
Bohuslav Martinů,Piano Trio No. 1 in D minor H.193,Piano trio,3. Poco moderato
Bohuslav Martinů,Piano Trio No. 1 in D minor H.193,Piano trio,4. Poco allegro
Bohuslav Martinů,Piano Trio No. 2 H.288,Piano trio,1. Poco moderato
Bohuslav Martinů,Piano Trio No. 2 H.288,Piano trio,2. Poco allegro
Bohuslav Martinů,Piano Trio No. 2 H.288,Piano trio,3. Moderato
Bohuslav Martinů,Piano Trio No. 2 H.288,Piano trio,4. Poco moderato
Bohuslav Martinů,Piano Trio No. 3 in C major H.332,Piano trio,1. Allegro moderato
Bohuslav Martinů,Piano Trio No. 3 in C major H.332,Piano trio,2. Andante
Bohuslav Martinů,Piano Trio No. 3 in C major H.332,Piano trio,3. Poco allegro
Leoš Janáček,Piano Trio (after Kreutzer Sonata),Piano trio,-
Wolfgang Amadeus Mozart,Piano Quartet No. 1 in G minor K.478,Piano quartet,1. Allegro
Wolfgang Amadeus Mozart,Piano Quartet No. 1 in G minor K.478,Piano quartet,2. Andante
Wolfgang Amadeus Mozart,Piano Quartet No. 1 in G minor K.478,Piano quartet,3. Rondo: Allegro moderato
Wolfgang Amadeus Mozart,Piano Quartet No. 2 in E♭ major K.493,Piano quartet,1. Allegro
Wolfgang Amadeus Mozart,Piano Quartet No. 2 in E♭ major K.493,Piano quartet,2. Larghetto
Wolfgang Amadeus Mozart,Piano Quartet No. 2 in E♭ major K.493,Piano quartet,3. Allegretto
Ludwig van Beethoven,Piano Quartet No. 1 in E♭ major WoO 36 No. 1,Piano quartet,1. Adagio assai – Allegro con brio
Ludwig van Beethoven,Piano Quartet No. 1 in E♭ major WoO 36 No. 1,Piano quartet,2. Adagio cantabile
Ludwig van Beethoven,Piano Quartet No. 1 in E♭ major WoO 36 No. 1,Piano quartet,3. Rondo: Allegretto
Ludwig van Beethoven,Piano Quartet No. 2 in D major WoO 36 No. 2,Piano quartet,1. Allegro moderato
Ludwig van Beethoven,Piano Quartet No. 2 in D major WoO 36 No. 2,Piano quartet,2. Andante con moto
Ludwig van Beethoven,Piano Quartet No. 2 in D major WoO 36 No. 2,Piano quartet,3. Rondo: Allegretto
Ludwig van Beethoven,Piano Quartet No. 3 in C major WoO 36 No. 3,Piano quartet,1. Allegro vivace
Ludwig van Beethoven,Piano Quartet No. 3 in C major WoO 36 No. 3,Piano quartet,2. Adagio con espressione
Ludwig van Beethoven,Piano Quartet No. 3 in C major WoO 36 No. 3,Piano quartet,3. Rondo: Allegretto
Johannes Brahms,Piano Quartet No. 1 in G minor Op. 25,Piano quartet,1. Allegro
Johannes Brahms,Piano Quartet No. 1 in G minor Op. 25,Piano quartet,2. Intermezzo: Allegro ma non troppo
Johannes Brahms,Piano Quartet No. 1 in G minor Op. 25,Piano quartet,3. Andante con moto
Johannes Brahms,Piano Quartet No. 1 in G minor Op. 25,Piano quartet,4. Rondo alla Zingarese: Presto
Johannes Brahms,Piano Quartet No. 2 in A major Op. 26,Piano quartet,1. Allegro non troppo
Johannes Brahms,Piano Quartet No. 2 in A major Op. 26,Piano quartet,2. Poco adagio
Johannes Brahms,Piano Quartet No. 2 in A major Op. 26,Piano quartet,3. Scherzo: Poco allegro
Johannes Brahms,Piano Quartet No. 2 in A major Op. 26,Piano quartet,4. Finale: Allegro
Johannes Brahms,Piano Quartet No. 3 in C minor Op. 60,Piano quartet,1. Allegro non troppo
Johannes Brahms,Piano Quartet No. 3 in C minor Op. 60,Piano quartet,2. Scherzo: Allegro
Johannes Brahms,Piano Quartet No. 3 in C minor Op. 60,Piano quartet,3. Andante
Johannes Brahms,Piano Quartet No. 3 in C minor Op. 60,Piano quartet,4. Finale: Allegro comodo
Robert Schumann,Piano Quartet in E♭ major Op. 47,Piano quartet,1. Sostenuto assai – Allegro ma non troppo
Robert Schumann,Piano Quartet in E♭ major Op. 47,Piano quartet,2. Scherzo: Molto vivace
Robert Schumann,Piano Quartet in E♭ major Op. 47,Piano quartet,3. Andante cantabile
Robert Schumann,Piano Quartet in E♭ major Op. 47,Piano quartet,4. Finale: Vivace
Felix Mendelssohn,Piano Quartet No. 1 in C minor Op. 1,Piano quartet,1. Allegro vivace
Felix Mendelssohn,Piano Quartet No. 1 in C minor Op. 1,Piano quartet,2. Adagio
Felix Mendelssohn,Piano Quartet No. 1 in C minor Op. 1,Piano quartet,3. Scherzo: Allegro molto
Felix Mendelssohn,Piano Quartet No. 1 in C minor Op. 1,Piano quartet,4. Finale: Allegro
Felix Mendelssohn,Piano Quartet No. 2 in F minor Op. 2,Piano quartet,1. Allegro molto
Felix Mendelssohn,Piano Quartet No. 2 in F minor Op. 2,Piano quartet,2. Adagio
Felix Mendelssohn,Piano Quartet No. 2 in F minor Op. 2,Piano quartet,3. Intermezzo: Allegro moderato
Felix Mendelssohn,Piano Quartet No. 2 in F minor Op. 2,Piano quartet,4. Finale: Allegro vivace
Felix Mendelssohn,Piano Quartet No. 3 in B minor Op. 3,Piano quartet,1. Allegro molto
Felix Mendelssohn,Piano Quartet No. 3 in B minor Op. 3,Piano quartet,2. Andante
Felix Mendelssohn,Piano Quartet No. 3 in B minor Op. 3,Piano quartet,3. Intermezzo: Allegretto
Felix Mendelssohn,Piano Quartet No. 3 in B minor Op. 3,Piano quartet,4. Finale: Allegro vivace
Gabriel Fauré,Piano Quartet No. 1 in C minor Op. 15,Piano quartet,1. Allegro molto moderato
Gabriel Fauré,Piano Quartet No. 1 in C minor Op. 15,Piano quartet,2. Scherzo: Allegro vivo
Gabriel Fauré,Piano Quartet No. 1 in C minor Op. 15,Piano quartet,3. Adagio
Gabriel Fauré,Piano Quartet No. 1 in C minor Op. 15,Piano quartet,4. Allegro molto
Gabriel Fauré,Piano Quartet No. 2 in G minor Op. 45,Piano quartet,1. Allegro molto moderato
Gabriel Fauré,Piano Quartet No. 2 in G minor Op. 45,Piano quartet,2. Allegro molto
Gabriel Fauré,Piano Quartet No. 2 in G minor Op. 45,Piano quartet,3. Adagio non troppo
Gabriel Fauré,Piano Quartet No. 2 in G minor Op. 45,Piano quartet,4. Finale: Allegro molto
Camille Saint-Saëns,Piano Quartet in B♭ major Op. 41,Piano quartet,1. Allegro moderato
Camille Saint-Saëns,Piano Quartet in B♭ major Op. 41,Piano quartet,2. Andante
Camille Saint-Saëns,Piano Quartet in B♭ major Op. 41,Piano quartet,3. Scherzo: Presto
Camille Saint-Saëns,Piano Quartet in B♭ major Op. 41,Piano quartet,4. Finale: Allegro
Antonín Dvořák,Piano Quartet No. 1 in D major Op. 23 B.53,Piano quartet,1. Allegro moderato
Antonín Dvořák,Piano Quartet No. 1 in D major Op. 23 B.53,Piano quartet,2. Andante con moto
Antonín Dvořák,Piano Quartet No. 1 in D major Op. 23 B.53,Piano quartet,3. Allegretto scherzando
Antonín Dvořák,Piano Quartet No. 1 in D major Op. 23 B.53,Piano quartet,4. Finale: Allegro
Antonín Dvořák,Piano Quartet No. 2 in E♭ major Op. 87 B.162,Piano quartet,1. Allegro con fuoco
Antonín Dvořák,Piano Quartet No. 2 in E♭ major Op. 87 B.162,Piano quartet,2. Lento
Antonín Dvořák,Piano Quartet No. 2 in E♭ major Op. 87 B.162,Piano quartet,"3. Allegro moderato, grazioso"
Antonín Dvořák,Piano Quartet No. 2 in E♭ major Op. 87 B.162,Piano quartet,4. Finale: Allegro ma non troppo
Ernest Chausson,Piano Quartet in A major Op. 30,Piano quartet,1. Animé
Ernest Chausson,Piano Quartet in A major Op. 30,Piano quartet,2. Très calme
Ernest Chausson,Piano Quartet in A major Op. 30,Piano quartet,3. Simple et sans hâte
Ernest Chausson,Piano Quartet in A major Op. 30,Piano quartet,4. Animé
Dmitri Shostakovich,Piano Quartet Op. posth.,Piano quartet,-
Robert Schumann,Piano Quintet in E♭ major Op. 44,Piano quintet,1. Allegro brillante
Robert Schumann,Piano Quintet in E♭ major Op. 44,Piano quintet,2. In modo d'una Marcia: Un poco largamente
Robert Schumann,Piano Quintet in E♭ major Op. 44,Piano quintet,3. Scherzo: Molto vivace
Robert Schumann,Piano Quintet in E♭ major Op. 44,Piano quintet,4. Allegro ma non troppo
Johannes Brahms,Piano Quintet in F minor Op. 34,Piano quintet,1. Allegro non troppo
Johannes Brahms,Piano Quintet in F minor Op. 34,Piano quintet,"2. Andante, un poco adagio"
Johannes Brahms,Piano Quintet in F minor Op. 34,Piano quintet,3. Scherzo: Allegro
Johannes Brahms,Piano Quintet in F minor Op. 34,Piano quintet,4. Finale: Poco sostenuto – Allegro non troppo
Franz Schubert,Piano Quintet in A major D.667 Op. 114 'Trout',"Piano quintet (vn, va, vc, db, pf)",1. Allegro vivace
Franz Schubert,Piano Quintet in A major D.667 Op. 114 'Trout',"Piano quintet (vn, va, vc, db, pf)",2. Andante
Franz Schubert,Piano Quintet in A major D.667 Op. 114 'Trout',"Piano quintet (vn, va, vc, db, pf)",3. Scherzo: Presto
Franz Schubert,Piano Quintet in A major D.667 Op. 114 'Trout',"Piano quintet (vn, va, vc, db, pf)",4. Tema con variazioni: Andantino
Franz Schubert,Piano Quintet in A major D.667 Op. 114 'Trout',"Piano quintet (vn, va, vc, db, pf)",5. Finale: Allegro giusto
Antonín Dvořák,Piano Quintet No. 1 in A major Op. 5 B.28,Piano quintet,1. Allegro ma non tanto
Antonín Dvořák,Piano Quintet No. 1 in A major Op. 5 B.28,Piano quintet,2. Andante sostenuto
Antonín Dvořák,Piano Quintet No. 1 in A major Op. 5 B.28,Piano quintet,3. Finale: Allegro con brio
Antonín Dvořák,Piano Quintet No. 2 in A major Op. 81 B.155,Piano quintet,1. Allegro ma non tanto
Antonín Dvořák,Piano Quintet No. 2 in A major Op. 81 B.155,Piano quintet,2. Dumka: Andante con moto
Antonín Dvořák,Piano Quintet No. 2 in A major Op. 81 B.155,Piano quintet,3. Scherzo (Furiant): Molto vivace
Antonín Dvořák,Piano Quintet No. 2 in A major Op. 81 B.155,Piano quintet,4. Finale: Allegro
Gabriel Fauré,Piano Quintet No. 1 in D minor Op. 89,Piano quintet,1. Molto moderato
Gabriel Fauré,Piano Quintet No. 1 in D minor Op. 89,Piano quintet,2. Adagio
Gabriel Fauré,Piano Quintet No. 1 in D minor Op. 89,Piano quintet,3. Allegretto moderato
Gabriel Fauré,Piano Quintet No. 2 in C minor Op. 115,Piano quintet,1. Allegro moderato
Gabriel Fauré,Piano Quintet No. 2 in C minor Op. 115,Piano quintet,2. Adagio
Gabriel Fauré,Piano Quintet No. 2 in C minor Op. 115,Piano quintet,3. Allegro vivo
Gabriel Fauré,Piano Quintet No. 2 in C minor Op. 115,Piano quintet,4. Allegro molto
Camille Saint-Saëns,Piano Quintet in A minor Op. 14,Piano quintet,1. Allegro moderato
Camille Saint-Saëns,Piano Quintet in A minor Op. 14,Piano quintet,2. Andante
Camille Saint-Saëns,Piano Quintet in A minor Op. 14,Piano quintet,3. Presto
Camille Saint-Saëns,Piano Quintet in A minor Op. 14,Piano quintet,4. Finale: Allegro moderato
César Franck,Piano Quintet in F minor,Piano quintet,1. Molto moderato quasi lento – Allegro
César Franck,Piano Quintet in F minor,Piano quintet,2. Lento con molto sentimento
César Franck,Piano Quintet in F minor,Piano quintet,3. Allegro non troppo ma con fuoco
Dmitri Shostakovich,Piano Quintet in G minor Op. 57,Piano quintet,1. Prelude: Lento
Dmitri Shostakovich,Piano Quintet in G minor Op. 57,Piano quintet,2. Fugue: Adagio
Dmitri Shostakovich,Piano Quintet in G minor Op. 57,Piano quintet,3. Scherzo: Allegretto
Dmitri Shostakovich,Piano Quintet in G minor Op. 57,Piano quintet,4. Intermezzo: Lento
Dmitri Shostakovich,Piano Quintet in G minor Op. 57,Piano quintet,5. Finale: Allegretto
Sergei Prokofiev,Piano Quintet in G minor Op. 39,"Piano quintet (ob, cl, vn, va, pf)",1. Tema: Moderato
Sergei Prokofiev,Piano Quintet in G minor Op. 39,"Piano quintet (ob, cl, vn, va, pf)",2. Andante energico
Sergei Prokofiev,Piano Quintet in G minor Op. 39,"Piano quintet (ob, cl, vn, va, pf)",3. Un poco allegretto
Sergei Prokofiev,Piano Quintet in G minor Op. 39,"Piano quintet (ob, cl, vn, va, pf)",4. Adagio pesante
Sergei Prokofiev,Piano Quintet in G minor Op. 39,"Piano quintet (ob, cl, vn, va, pf)",5. Andante (con brio)
Sergei Prokofiev,Piano Quintet in G minor Op. 39,"Piano quintet (ob, cl, vn, va, pf)",6. Allegro sostenuto
Edward Elgar,Piano Quintet in A minor Op. 84,Piano quintet,1. Moderato – Allegro
Edward Elgar,Piano Quintet in A minor Op. 84,Piano quintet,2. Adagio
Edward Elgar,Piano Quintet in A minor Op. 84,Piano quintet,3. Andante – Allegro
Ernest Chausson,Piano Quartet in A major Op. 30,Piano quartet,1. Animé
Ernest Chausson,Piano Quartet in A major Op. 30,Piano quartet,2. Très calme
Ernest Chausson,Piano Quartet in A major Op. 30,Piano quartet,3. Simple et sans hâte
Ernest Chausson,Piano Quartet in A major Op. 30,Piano quartet,4. Animé
Darius Milhaud,Piano Quintet No. 1 Op. 50,Piano quintet,1. Agité
Darius Milhaud,Piano Quintet No. 1 Op. 50,Piano quintet,2. Calme
Darius Milhaud,Piano Quintet No. 1 Op. 50,Piano quintet,3. Vif
Pyotr Ilyich Tchaikovsky,Piano Trio in A minor Op. 50,Piano trio,1. Pezzo elegiaco: Moderato assai – Allegro giusto
Pyotr Ilyich Tchaikovsky,Piano Trio in A minor Op. 50,Piano trio,2. Tema con variazioni: Andante con moto
Ludwig van Beethoven,Violin Sonata No. 1 in D major Op. 12 No. 1,Violin and piano,1. Allegro con brio
Ludwig van Beethoven,Violin Sonata No. 1 in D major Op. 12 No. 1,Violin and piano,2. Tema con variazioni: Andante con moto
Ludwig van Beethoven,Violin Sonata No. 1 in D major Op. 12 No. 1,Violin and piano,3. Rondo: Allegro
Ludwig van Beethoven,Violin Sonata No. 3 in E♭ major Op. 12 No. 3,Violin and piano,1. Allegro con spirito
Ludwig van Beethoven,Violin Sonata No. 3 in E♭ major Op. 12 No. 3,Violin and piano,2. Adagio con molt'espressione
Ludwig van Beethoven,Violin Sonata No. 3 in E♭ major Op. 12 No. 3,Violin and piano,3. Rondo: Allegro molto
Ludwig van Beethoven,Violin Sonata No. 4 in A minor Op. 23,Violin and piano,1. Presto
Ludwig van Beethoven,Violin Sonata No. 4 in A minor Op. 23,Violin and piano,2. Andante scherzoso più allegretto
Ludwig van Beethoven,Violin Sonata No. 4 in A minor Op. 23,Violin and piano,3. Allegro molto
Ludwig van Beethoven,Violin Sonata No. 5 in F major Op. 24 'Spring',Violin and piano,1. Allegro
Ludwig van Beethoven,Violin Sonata No. 5 in F major Op. 24 'Spring',Violin and piano,2. Adagio molto espressivo
Ludwig van Beethoven,Violin Sonata No. 5 in F major Op. 24 'Spring',Violin and piano,3. Scherzo: Allegro molto
Ludwig van Beethoven,Violin Sonata No. 5 in F major Op. 24 'Spring',Violin and piano,4. Rondo: Allegro ma non troppo
Ludwig van Beethoven,Violin Sonata No. 7 in C minor Op. 30 No. 2,Violin and piano,1. Allegro con brio
Ludwig van Beethoven,Violin Sonata No. 7 in C minor Op. 30 No. 2,Violin and piano,2. Adagio cantabile
Ludwig van Beethoven,Violin Sonata No. 7 in C minor Op. 30 No. 2,Violin and piano,3. Scherzo: Allegro
Ludwig van Beethoven,Violin Sonata No. 7 in C minor Op. 30 No. 2,Violin and piano,4. Finale: Allegro – Presto
Ludwig van Beethoven,Violin Sonata No. 8 in G major Op. 30 No. 3,Violin and piano,1. Allegro assai
Ludwig van Beethoven,Violin Sonata No. 8 in G major Op. 30 No. 3,Violin and piano,"2. Tempo di minuetto, ma molto moderato e grazioso"
Ludwig van Beethoven,Violin Sonata No. 8 in G major Op. 30 No. 3,Violin and piano,3. Allegro vivace
Ludwig van Beethoven,Violin Sonata No. 9 in A major Op. 47 'Kreutzer',Violin and piano,1. Adagio sostenuto – Presto
Ludwig van Beethoven,Violin Sonata No. 9 in A major Op. 47 'Kreutzer',Violin and piano,2. Andante con variazioni
Ludwig van Beethoven,Violin Sonata No. 9 in A major Op. 47 'Kreutzer',Violin and piano,3. Finale: Presto
Ludwig van Beethoven,Violin Sonata No. 10 in G major Op. 96,Violin and piano,1. Allegro moderato
Ludwig van Beethoven,Violin Sonata No. 10 in G major Op. 96,Violin and piano,2. Adagio espressivo
Ludwig van Beethoven,Violin Sonata No. 10 in G major Op. 96,Violin and piano,3. Scherzo: Allegro
Ludwig van Beethoven,Violin Sonata No. 10 in G major Op. 96,Violin and piano,4. Poco allegretto
Johannes Brahms,Violin Sonata No. 1 in G major Op. 78 'Rain',Violin and piano,1. Vivace ma non troppo
Johannes Brahms,Violin Sonata No. 1 in G major Op. 78 'Rain',Violin and piano,2. Adagio
Johannes Brahms,Violin Sonata No. 1 in G major Op. 78 'Rain',Violin and piano,3. Allegro molto moderato
Johannes Brahms,Violin Sonata No. 2 in A major Op. 100,Violin and piano,1. Allegro amabile
Johannes Brahms,Violin Sonata No. 2 in A major Op. 100,Violin and piano,2. Andante tranquillo – Vivace
Johannes Brahms,Violin Sonata No. 2 in A major Op. 100,Violin and piano,3. Allegretto grazioso
Johannes Brahms,Violin Sonata No. 3 in D minor Op. 108,Violin and piano,1. Allegro
Johannes Brahms,Violin Sonata No. 3 in D minor Op. 108,Violin and piano,2. Adagio
Johannes Brahms,Violin Sonata No. 3 in D minor Op. 108,Violin and piano,3. Un poco presto e con sentimento
Johannes Brahms,Violin Sonata No. 3 in D minor Op. 108,Violin and piano,4. Presto agitato
Johannes Brahms,Scherzo in C minor WoO 2 (F-A-E Sonata),Violin and piano,-
César Franck,Violin Sonata in A major,Violin and piano,1. Allegretto ben moderato
César Franck,Violin Sonata in A major,Violin and piano,2. Allegro
César Franck,Violin Sonata in A major,Violin and piano,3. Recitativo-Fantasia: Ben moderato
César Franck,Violin Sonata in A major,Violin and piano,4. Allegretto poco mosso
Gabriel Fauré,Violin Sonata No. 1 in A major Op. 13,Violin and piano,1. Allegro molto
Gabriel Fauré,Violin Sonata No. 1 in A major Op. 13,Violin and piano,2. Andante
Gabriel Fauré,Violin Sonata No. 1 in A major Op. 13,Violin and piano,3. Allegro vivo
Gabriel Fauré,Violin Sonata No. 1 in A major Op. 13,Violin and piano,4. Finale: Allegro quasi presto
Gabriel Fauré,Violin Sonata No. 2 in E minor Op. 108,Violin and piano,1. Allegro non troppo
Gabriel Fauré,Violin Sonata No. 2 in E minor Op. 108,Violin and piano,2. Andante
Gabriel Fauré,Violin Sonata No. 2 in E minor Op. 108,Violin and piano,3. Finale: Allegro non troppo
Sergei Prokofiev,Violin Sonata No. 1 in F minor Op. 80,Violin and piano,1. Andante assai
Sergei Prokofiev,Violin Sonata No. 1 in F minor Op. 80,Violin and piano,2. Allegro brusco
Sergei Prokofiev,Violin Sonata No. 1 in F minor Op. 80,Violin and piano,3. Andante
Sergei Prokofiev,Violin Sonata No. 1 in F minor Op. 80,Violin and piano,4. Allegrissimo – Andante assai
Sergei Prokofiev,Violin Sonata No. 2 in D major Op. 94a,Violin and piano,1. Moderato
Sergei Prokofiev,Violin Sonata No. 2 in D major Op. 94a,Violin and piano,2. Presto
Sergei Prokofiev,Violin Sonata No. 2 in D major Op. 94a,Violin and piano,3. Andante
Sergei Prokofiev,Violin Sonata No. 2 in D major Op. 94a,Violin and piano,4. Allegro con brio
Richard Strauss,Violin Sonata in E♭ major Op. 18,Violin and piano,1. Allegro ma non troppo
Richard Strauss,Violin Sonata in E♭ major Op. 18,Violin and piano,2. Improvisation: Andante cantabile
Richard Strauss,Violin Sonata in E♭ major Op. 18,Violin and piano,3. Finale: Andante – Allegro
Claude Debussy,Violin Sonata in G minor L.148,Violin and piano,1. Allegro vivo
Claude Debussy,Violin Sonata in G minor L.148,Violin and piano,2. Intermède: Fantasque et léger
Claude Debussy,Violin Sonata in G minor L.148,Violin and piano,3. Finale: Très animé
Maurice Ravel,Violin Sonata No. 2 in G major,Violin and piano,1. Allegretto
Maurice Ravel,Violin Sonata No. 2 in G major,Violin and piano,2. Blues: Moderato
Maurice Ravel,Violin Sonata No. 2 in G major,Violin and piano,3. Perpetuum mobile: Allegro
Maurice Ravel,Tzigane,Violin and piano,-
Francis Poulenc,Violin Sonata FP 119,Violin and piano,1. Allegro con fuoco
Francis Poulenc,Violin Sonata FP 119,Violin and piano,2. Intermezzo: Très lent et calme
Francis Poulenc,Violin Sonata FP 119,Violin and piano,3. Presto tragico
Dmitri Shostakovich,Violin Sonata Op. 134,Violin and piano,1. Andante
Dmitri Shostakovich,Violin Sonata Op. 134,Violin and piano,2. Allegretto
Dmitri Shostakovich,Violin Sonata Op. 134,Violin and piano,3. Largo
Edvard Grieg,Violin Sonata No. 1 in F major Op. 8,Violin and piano,1. Allegro con brio
Edvard Grieg,Violin Sonata No. 1 in F major Op. 8,Violin and piano,2. Allegretto quasi andantino
Edvard Grieg,Violin Sonata No. 1 in F major Op. 8,Violin and piano,3. Allegro molto vivace
Edvard Grieg,Violin Sonata No. 2 in G major Op. 13,Violin and piano,1. Lento doloroso – Allegro vivace
Edvard Grieg,Violin Sonata No. 2 in G major Op. 13,Violin and piano,2. Allegretto tranquillo
Edvard Grieg,Violin Sonata No. 2 in G major Op. 13,Violin and piano,3. Allegro animato
Edvard Grieg,Violin Sonata No. 3 in C minor Op. 45,Violin and piano,1. Allegro molto ed appassionato
Edvard Grieg,Violin Sonata No. 3 in C minor Op. 45,Violin and piano,2. Allegretto espressivo alla Romanza
Edvard Grieg,Violin Sonata No. 3 in C minor Op. 45,Violin and piano,3. Allegro animato
Ludwig van Beethoven,Cello Sonata No. 1 in F major Op. 5 No. 1,Cello and piano,1. Adagio sostenuto – Allegro
Ludwig van Beethoven,Cello Sonata No. 1 in F major Op. 5 No. 1,Cello and piano,2. Rondo: Allegro vivace
Ludwig van Beethoven,Cello Sonata No. 2 in G minor Op. 5 No. 2,Cello and piano,1. Adagio sostenuto ed espressivo – Allegro molto più tosto presto
Ludwig van Beethoven,Cello Sonata No. 2 in G minor Op. 5 No. 2,Cello and piano,2. Rondo: Allegro
Ludwig van Beethoven,Cello Sonata No. 3 in A major Op. 69,Cello and piano,1. Allegro ma non tanto
Ludwig van Beethoven,Cello Sonata No. 3 in A major Op. 69,Cello and piano,2. Scherzo: Allegro molto
Ludwig van Beethoven,Cello Sonata No. 3 in A major Op. 69,Cello and piano,3. Adagio cantabile – Allegro vivace
Ludwig van Beethoven,Cello Sonata No. 4 in C major Op. 102 No. 1,Cello and piano,1. Andante – Allegro vivace
Ludwig van Beethoven,Cello Sonata No. 4 in C major Op. 102 No. 1,Cello and piano,2. Adagio – Tempo d'andante – Allegro vivace
Ludwig van Beethoven,Cello Sonata No. 5 in D major Op. 102 No. 2,Cello and piano,1. Allegro con brio
Ludwig van Beethoven,Cello Sonata No. 5 in D major Op. 102 No. 2,Cello and piano,2. Adagio con molto sentimento d'affetto
Ludwig van Beethoven,Cello Sonata No. 5 in D major Op. 102 No. 2,Cello and piano,3. Allegro fugato
Johannes Brahms,Cello Sonata No. 1 in E minor Op. 38,Cello and piano,1. Allegro non troppo
Johannes Brahms,Cello Sonata No. 1 in E minor Op. 38,Cello and piano,2. Allegretto quasi menuetto
Johannes Brahms,Cello Sonata No. 1 in E minor Op. 38,Cello and piano,3. Allegro
Johannes Brahms,Cello Sonata No. 2 in F major Op. 99,Cello and piano,1. Allegro vivace
Johannes Brahms,Cello Sonata No. 2 in F major Op. 99,Cello and piano,2. Adagio affettuoso
Johannes Brahms,Cello Sonata No. 2 in F major Op. 99,Cello and piano,3. Allegro passionato
Johannes Brahms,Cello Sonata No. 2 in F major Op. 99,Cello and piano,4. Allegro molto
Camille Saint-Saëns,Cello Sonata No. 1 in C minor Op. 32,Cello and piano,1. Allegro
Camille Saint-Saëns,Cello Sonata No. 1 in C minor Op. 32,Cello and piano,2. Andante tranquillo e grazioso
Camille Saint-Saëns,Cello Sonata No. 1 in C minor Op. 32,Cello and piano,3. Scherzo: Allegro
Camille Saint-Saëns,Cello Sonata No. 2 in F major Op. 123,Cello and piano,1. Allegro
Camille Saint-Saëns,Cello Sonata No. 2 in F major Op. 123,Cello and piano,2. Andante
Camille Saint-Saëns,Cello Sonata No. 2 in F major Op. 123,Cello and piano,3. Allegro non troppo
Gabriel Fauré,Cello Sonata No. 1 in D minor Op. 109,Cello and piano,1. Allegro
Gabriel Fauré,Cello Sonata No. 1 in D minor Op. 109,Cello and piano,2. Andante
Gabriel Fauré,Cello Sonata No. 1 in D minor Op. 109,Cello and piano,3. Allegro commodo
Gabriel Fauré,Cello Sonata No. 2 in G minor Op. 117,Cello and piano,1. Allegro
Gabriel Fauré,Cello Sonata No. 2 in G minor Op. 117,Cello and piano,2. Andante
Gabriel Fauré,Cello Sonata No. 2 in G minor Op. 117,Cello and piano,3. Allegro vivo
Gabriel Fauré,Élégie in C minor Op. 24,Cello and piano,-
Claude Debussy,Cello Sonata in D minor L.135,Cello and piano,"1. Prologue: Lent, sostenuto e molto risoluto"
Claude Debussy,Cello Sonata in D minor L.135,Cello and piano,2. Sérénade: Modérément animé
Claude Debussy,Cello Sonata in D minor L.135,Cello and piano,"3. Finale: Animé, léger et nerveux"
Sergei Rachmaninoff,Cello Sonata in G minor Op. 19,Cello and piano,1. Lento – Allegro moderato
Sergei Rachmaninoff,Cello Sonata in G minor Op. 19,Cello and piano,2. Allegro scherzando
Sergei Rachmaninoff,Cello Sonata in G minor Op. 19,Cello and piano,3. Andante
Sergei Rachmaninoff,Cello Sonata in G minor Op. 19,Cello and piano,4. Allegro mosso
Sergei Prokofiev,Cello Sonata in C major Op. 119,Cello and piano,1. Andante grave
Sergei Prokofiev,Cello Sonata in C major Op. 119,Cello and piano,2. Moderato
Sergei Prokofiev,Cello Sonata in C major Op. 119,Cello and piano,3. Allegro ma non troppo
Dmitri Shostakovich,Cello Sonata in D minor Op. 40,Cello and piano,1. Allegro non troppo
Dmitri Shostakovich,Cello Sonata in D minor Op. 40,Cello and piano,2. Allegro
Dmitri Shostakovich,Cello Sonata in D minor Op. 40,Cello and piano,3. Largo
Dmitri Shostakovich,Cello Sonata in D minor Op. 40,Cello and piano,4. Allegro
Benjamin Britten,Cello Sonata in C major Op. 65,Cello and piano,1. Dialogo: Allegro
Benjamin Britten,Cello Sonata in C major Op. 65,Cello and piano,2. Scherzo-Pizzicato: Allegretto
Benjamin Britten,Cello Sonata in C major Op. 65,Cello and piano,3. Elegia: Lento tranquillo
Benjamin Britten,Cello Sonata in C major Op. 65,Cello and piano,4. Marcia: Energico
Benjamin Britten,Cello Sonata in C major Op. 65,Cello and piano,5. Moto perpetuo: Presto
Johannes Brahms,Clarinet Sonata No. 1 in F minor Op. 120 No. 1,Clarinet and piano,1. Allegro appassionato
Johannes Brahms,Clarinet Sonata No. 1 in F minor Op. 120 No. 1,Clarinet and piano,2. Andante un poco adagio
Johannes Brahms,Clarinet Sonata No. 1 in F minor Op. 120 No. 1,Clarinet and piano,3. Allegretto grazioso
Johannes Brahms,Clarinet Sonata No. 1 in F minor Op. 120 No. 1,Clarinet and piano,4. Vivace
Johannes Brahms,Clarinet Sonata No. 2 in E♭ major Op. 120 No. 2,Clarinet and piano,1. Allegro amabile
Johannes Brahms,Clarinet Sonata No. 2 in E♭ major Op. 120 No. 2,Clarinet and piano,2. Andante con moto
Johannes Brahms,Clarinet Sonata No. 2 in E♭ major Op. 120 No. 2,Clarinet and piano,3. Andantino grazioso
Claude Debussy,Clarinet Rhapsody No. 1 L.116,Clarinet and piano,-
Francis Poulenc,Clarinet Sonata FP 184,Clarinet and piano,1. Allegro tristamente
Francis Poulenc,Clarinet Sonata FP 184,Clarinet and piano,2. Romanza: Très calme
Francis Poulenc,Clarinet Sonata FP 184,Clarinet and piano,3. Allegro con fuoco
Francis Poulenc,Oboe Sonata FP 185,Oboe and piano,1. Élégie
Francis Poulenc,Oboe Sonata FP 185,Oboe and piano,2. Scherzo: Très vif
Francis Poulenc,Oboe Sonata FP 185,Oboe and piano,3. Déploration: Très calme et doux
Francis Poulenc,Flute Sonata FP 164,Flute and piano,1. Allegro malinconico
Francis Poulenc,Flute Sonata FP 164,Flute and piano,2. Cantilena: Assez lent
Francis Poulenc,Flute Sonata FP 164,Flute and piano,3. Presto giocoso
Sergei Prokofiev,Flute Sonata in D major Op. 94,Flute and piano,1. Moderato
Sergei Prokofiev,Flute Sonata in D major Op. 94,Flute and piano,2. Scherzo: Presto
Sergei Prokofiev,Flute Sonata in D major Op. 94,Flute and piano,3. Andante
Sergei Prokofiev,Flute Sonata in D major Op. 94,Flute and piano,4. Allegro con brio
Franz Schubert,Arpeggione Sonata in A minor D.821,Cello/viola and piano,1. Allegro moderato
Franz Schubert,Arpeggione Sonata in A minor D.821,Cello/viola and piano,2. Adagio
Franz Schubert,Arpeggione Sonata in A minor D.821,Cello/viola and piano,3. Allegretto
Franz Schubert,Violin Sonata (Sonatina) No. 1 in D major D.384 Op. 137 No. 1,Violin and piano,1. Allegro molto
Franz Schubert,Violin Sonata (Sonatina) No. 1 in D major D.384 Op. 137 No. 1,Violin and piano,2. Andante
Franz Schubert,Violin Sonata (Sonatina) No. 1 in D major D.384 Op. 137 No. 1,Violin and piano,3. Allegro vivace
Franz Schubert,Violin Sonata (Sonatina) No. 2 in A minor D.385 Op. 137 No. 2,Violin and piano,1. Allegro moderato
Franz Schubert,Violin Sonata (Sonatina) No. 2 in A minor D.385 Op. 137 No. 2,Violin and piano,2. Andante
Franz Schubert,Violin Sonata (Sonatina) No. 2 in A minor D.385 Op. 137 No. 2,Violin and piano,3. Menuetto: Allegro
Franz Schubert,Violin Sonata (Sonatina) No. 2 in A minor D.385 Op. 137 No. 2,Violin and piano,4. Allegro
Franz Schubert,Violin Sonata (Sonatina) No. 3 in G minor D.408 Op. 137 No. 3,Violin and piano,1. Allegro giusto
Franz Schubert,Violin Sonata (Sonatina) No. 3 in G minor D.408 Op. 137 No. 3,Violin and piano,2. Andante
Franz Schubert,Violin Sonata (Sonatina) No. 3 in G minor D.408 Op. 137 No. 3,Violin and piano,3. Menuetto: Allegretto
Franz Schubert,Violin Sonata (Sonatina) No. 3 in G minor D.408 Op. 137 No. 3,Violin and piano,4. Allegro moderato
Franz Schubert,Violin Sonata in A major D.574 Op. 162 'Grand Duo',Violin and piano,1. Allegro moderato
Franz Schubert,Violin Sonata in A major D.574 Op. 162 'Grand Duo',Violin and piano,2. Scherzo: Presto
Franz Schubert,Violin Sonata in A major D.574 Op. 162 'Grand Duo',Violin and piano,3. Andantino
Franz Schubert,Violin Sonata in A major D.574 Op. 162 'Grand Duo',Violin and piano,4. Allegro vivace
César Franck,Cello Sonata in A major (arr. from violin),Cello and piano,1. Allegretto ben moderato
César Franck,Cello Sonata in A major (arr. from violin),Cello and piano,2. Allegro
César Franck,Cello Sonata in A major (arr. from violin),Cello and piano,3. Recitativo-Fantasia
César Franck,Cello Sonata in A major (arr. from violin),Cello and piano,4. Allegretto poco mosso
Maurice Ravel,Introduction and Allegro,"Harp, flute, clarinet, string quartet",-
Bohuslav Martinů,Cello Sonata No. 1 H.277,Cello and piano,1. Moderato
Bohuslav Martinů,Cello Sonata No. 1 H.277,Cello and piano,2. Andante moderato
Bohuslav Martinů,Cello Sonata No. 1 H.277,Cello and piano,3. Poco allegro
Bohuslav Martinů,Cello Sonata No. 2 H.286,Cello and piano,1. Moderato
Bohuslav Martinů,Cello Sonata No. 2 H.286,Cello and piano,2. Andante
Bohuslav Martinů,Cello Sonata No. 2 H.286,Cello and piano,3. Poco allegro
Bohuslav Martinů,Cello Sonata No. 3 H.340,Cello and piano,1. Moderato
Bohuslav Martinů,Cello Sonata No. 3 H.340,Cello and piano,2. Andante
Bohuslav Martinů,Cello Sonata No. 3 H.340,Cello and piano,3. Allegro
Dmitri Shostakovich,Viola Sonata Op. 147,Viola and piano,1. Moderato
Dmitri Shostakovich,Viola Sonata Op. 147,Viola and piano,2. Allegretto
Dmitri Shostakovich,Viola Sonata Op. 147,Viola and piano,3. Adagio
Samuel Barber,Cello Sonata Op. 6,Cello and piano,1. Allegro ma non troppo
Samuel Barber,Cello Sonata Op. 6,Cello and piano,2. Adagio – Presto
Samuel Barber,Cello Sonata Op. 6,Cello and piano,3. Largo – Allegro appassionato
Gabriel Fauré,Violin Sonata No. 1 in A major Op. 13,Violin and piano,1. Allegro molto
Gabriel Fauré,Violin Sonata No. 1 in A major Op. 13,Violin and piano,2. Andante
Gabriel Fauré,Violin Sonata No. 1 in A major Op. 13,Violin and piano,3. Allegro vivo
Gabriel Fauré,Violin Sonata No. 1 in A major Op. 13,Violin and piano,4. Finale: Allegro quasi presto
Paul Hindemith,Viola Sonata Op. 11 No. 4,Viola and piano,1. Fantasie: Ruhig und ausdrucksvoll
Paul Hindemith,Viola Sonata Op. 11 No. 4,Viola and piano,2. Thema mit Variationen
Paul Hindemith,Viola Sonata Op. 11 No. 4,Viola and piano,3. Finale con variazioni: Lebhaft
Benjamin Britten,Lachrymae Op. 48,Viola and piano,-
Francis Poulenc,Cello Sonata FP 143,Cello and piano,1. Allegro: Tempo di marcia
Francis Poulenc,Cello Sonata FP 143,Cello and piano,2. Cavatine: Très calme
Francis Poulenc,Cello Sonata FP 143,Cello and piano,3. Ballabile: Très animé et gai
Francis Poulenc,Cello Sonata FP 143,Cello and piano,4. Finale: Largo – Presto
George Gershwin,Violin Piece in G major,Violin and piano,-
George Gershwin,3 Preludes (arr. Heifetz for violin and piano),Violin and piano,No. 1 Allegro ben ritmato e deciso
George Gershwin,3 Preludes (arr. Heifetz for violin and piano),Violin and piano,No. 2 Andante con moto e poco rubato
George Gershwin,3 Preludes (arr. Heifetz for violin and piano),Violin and piano,No. 3 Allegro ben ritmato e deciso
